[
    {
        "title": "寶寶不說",
        "url": "https://www.facebook.com/baobaonevertell/"
    },
    {
        "title": "鹿尼",
        "url": "https://www.facebook.com/%E9%B9%BF%E5%B0%BC-260670294340690/"
    },
    {
        "title": "麻糬爸愛亂畫",
        "url": "https://www.facebook.com/mochidad/"
    },
    {
        "title": "FB錯誤粉專1",
        "url": "https://www.facebook.com/error1/"
    },
    {
        "title": "好想兔",
        "url": "https://www.facebook.com/chien760608/"
    },
    {
        "title": "ㄇㄚˊ幾兔",
        "url": "https://www.facebook.com/machiko324/"
    },
    {
        "title": "FB錯誤粉專2",
        "url": "ergergreer"
    }
]