[
    {
        "title": "寶寶不說",
        "url": "https://www.instagram.com/baobaonevertell/"
    },
    {
        "title": "松尼",
        "url": "https://www.instagram.com/sweethouse.sl/"
    },
    {
        "title": "麻糬爸",
        "url": "https://www.instagram.com/mochi_dad/"
    },
    {
        "title": "好想兔",
        "url": "https://www.instagram.com/chien_chien0608/"
    },
    {
        "title": "IG錯誤帳號1",
        "url": "https://www.instagram.com/error1/"
    },
    {
        "title": "ㄇㄚˊ幾兔",
        "url": "https://www.instagram.com/machiko324/"
    },
    {
        "title": "IG錯誤帳號2",
        "url": "ergergreer"
    }
]